oldname,Current Name,New Name,Name,Email,PDF File
page_1,page_1.pdf,Aditi.pdf,Aditi,samroop102002@gmail.com,Aditi.pdf
page_2,page_2.pdf,Ajay.pdf,Ajay,princelv84@gmail.com,Ajay.pdf
page_3,page_3.pdf,Amanpreet.pdf,Amanpreet,nielitdrive@gmail.com,Amanpreet.pdf
page_4,page_4.pdf,Anish.pdf,Anish,vishal09nielit@gmail.com,Anish.pdf
page_5,page_5.pdf,Anmolpreet.pdf,Anmolpreet,nishitkashyap123@gmail.com,Anmolpreet.pdf
page_6,page_6.pdf,Anshika.pdf,Anshika,larianne.llames@gmail.com,Anshika.pdf
page_7,page_7.pdf,Arnav Anand.pdf,Arnav Anand,princelovnish@gmail.com,Arnav Anand.pdf
page_8,page_8.pdf,Arshdeep Kaur.pdf,Arshdeep Kaur,nielitroparyt@gmail.com,Arshdeep Kaur.pdf
